DominanceCategory,Perc
dominant,31.3725490196078
rare,41.4193548387097
